matched_county_fips,matched_county_name,matched_state,trump_pct,county_winner,total_votes,facility_count,total_mw
01071,Jackson County,AL,85.22119385242422,Trump,23554,1,0.0
01073,Jefferson County,AL,43.91544857181172,Harris,298280,2,1500.0
01081,Lee County,AL,62.972468502099865,Trump,72862,1,16.0
01089,Madison County,AL,53.37323039282869,Trump,197007,1,0.0
01101,Montgomery County,AL,33.96715450787621,Harris,89510,1,0.0
02185,North Slope Borough,AK,54.27745664739885,Trump,1730,1,3000.0
04013,Maricopa County,AZ,51.1956746650957,Trump,2053945,17,5862.0
04019,Pima County,AZ,41.83145743370695,Harris,513176,3,1500.0
04021,Pinal County,AZ,60.57016874093304,Trump,209552,1,0.0
05035,Crittenden County,AR,47.871398406103125,Harris,14681,1,0.0
05045,Faulkner County,AR,64.91691912237216,Trump,54465,1,0.0
05071,Johnson County,AR,74.68815542554366,Trump,9059,1,0.0
05119,Pulaski County,AR,37.665991008549675,Harris,153924,1,1000.0
06013,Contra Costa County,CA,29.35951167041912,Harris,528987,1,99.0
06025,Imperial County,CA,49.12469003293978,Trump,54038,2,330.0
06029,Kern County,CA,59.26173027774247,Trump,283284,1,99.0
06031,Kings County,CA,60.40763226366002,Trump,41508,1,100.0
06037,Los Angeles County,CA,31.907578499735457,Harris,3729089,4,0.0
06067,Sacramento County,CA,38.39225759691327,Harris,656747,1,18.0
06073,San Diego County,CA,40.1392937075617,Harris,1478028,2,23.2
06085,Santa Clara County,CA,28.100494800201435,Harris,750606,5,700.0
08005,Arapahoe County,CO,38.50379934306547,Harris,325451,1,177.0
08031,Denver County,CO,20.592107437561282,Harris,363076,1,60.0
08041,El Paso County,CO,74.49184503110153,Trump,20417,1,50.0
08055,Huerfano County,CO,52.861649391617846,Trump,4438,1,15.0
08123,Weld County,CO,59.19746016213151,Trump,179854,1,27.5
09011,New London County,CT,42.80648466395866,Harris,137617,1,300.0
10003,New Castle County,DE,32.924891723072236,Harris,275682,1,1200.0
12035,Flagler County,FL,63.79301720688275,Trump,79968,1,0.0
12086,Miami-Dade County,FL,55.350263457346415,Trump,1094105,1,15.2
12099,Palm Beach County,FL,49.19291573522648,Harris,745709,1,0.0
12105,Polk County,FL,59.90983890797894,Trump,348931,2,1500.0
13015,Bartow County,GA,75.19245138756148,Trump,57547,1,200.0
13031,Bulloch County,GA,64.25881128088923,Trump,32657,1,0.0
13035,Butts County,GA,72.38651202089255,Trump,13019,1,0.0
13067,Cobb County,GA,42.02591630145826,Harris,401369,1,108.0
13073,Columbia County,GA,62.44995344506518,Trump,85920,1,0.0
13077,Coweta County,GA,66.58131197914243,Trump,85916,1,900.0
13097,Douglas County,GA,33.930515688409386,Harris,70721,5,120.0
13099,Early County,GA,55.70813691330191,Trump,4879,1,1000.0
13103,Effingham County,GA,74.33782143251297,Trump,36244,1,3200.0
13113,Fayette County,GA,51.15297522543647,Trump,74633,2,1596.0
13115,Floyd County,GA,70.70275828155036,Trump,44738,1,0.0
13121,Fulton County,GA,27.026294844536448,Harris,535238,2,468.0
13157,Jackson County,GA,77.25377304574222,Trump,47243,1,180.0
13217,Newton County,GA,42.155086281350016,Harris,59051,2,0.0
13245,Richmond County,GA,31.673406877407928,Harris,83578,1,0.0
13247,Rockdale County,GA,25.932240921169175,Harris,45160,1,216.0
15003,Honolulu County,HI,38.27543624476052,Harris,340921,1,0.0
16001,Ada County,ID,53.75796035435029,Trump,267419,1,0.0
16005,Bannock County,ID,60.85901540924554,Trump,39976,1,100.0
17021,Christian County,IL,72.55065937600514,Trump,15545,1,1000.0
17031,Cook County,IL,28.080081222024017,Harris,2079239,4,43.0
17037,DeKalb County,IL,70.83920563741192,Trump,7805,1,0.0
17043,DuPage County,IL,41.858291637665744,Harris,456882,3,72.0
17063,Grundy County,IL,63.924931362593554,Trump,26589,1,0.0
17089,Kane County,IL,44.404878005135686,Harris,223534,1,50.0
17093,Kendall County,IL,48.14976580267181,Harris,66397,1,1800.0
17097,Lake County,IL,38.72530257660503,Harris,310913,2,1200.0
17107,Logan County,IL,69.69914040114614,Trump,12564,1,500.0
17197,Will County,IL,48.128838475720684,Harris,327604,1,1800.0
18003,Allen County,IN,55.333010547734474,Trump,163163,1,0.0
18011,Boone County,IN,56.94482535091875,Trump,40109,1,1000.0
18019,Clark County,IN,59.26090220432676,Trump,58612,1,407.0
18073,Jasper County,IN,76.34272715784152,Trump,15826,1,0.0
18077,Jefferson County,IN,67.1040692398967,Trump,14327,1,0.0
18089,Lake County,IN,46.418294353164626,Harris,209551,3,3080.0
18091,LaPorte County,IN,56.202552940929074,Trump,47553,1,0.0
18097,Marion County,IN,35.266069098542005,Harris,352540,2,328.0
18109,Morgan County,IN,76.27574111789997,Trump,35352,1,390.0
18141,St. Joseph County,IN,48.35187641554551,Harris,110823,2,3200.0
19045,Clinton County,IA,58.480609766312085,Trump,23878,1,0.0
19049,Dallas County,IA,51.419132478836104,Trump,62961,1,0.0
19113,Linn County,IA,44.109825226294944,Harris,122959,2,1050.0
19153,Polk County,IA,43.700698494771025,Harris,256838,2,0.0
19155,Pottawattamie County,IA,59.10141610000225,Trump,44559,1,0.0
19193,Woodbury County,IA,60.504182102001344,Trump,42921,1,0.0
20091,Johnson County,KS,44.86793879806853,Harris,343780,2,0.0
20111,Lyon County,KS,56.29149064574533,Trump,13256,1,0.0
20121,Miami County,KS,68.7931495852288,Trump,18685,1,500.0
21009,Barren County,KY,75.84587415412585,Trump,19802,1,0.0
21089,Greenup County,KY,74.59997697709221,Trump,17374,1,1000.0
21091,Hancock County,KY,72.84696740772716,Trump,4633,1,401.0
21111,Jefferson County,KY,40.82334069484374,Harris,354094,1,402.0
21213,Simpson County,KY,71.25113947128531,Trump,8776,1,0.0
22015,Bossier Parish,LA,71.03882677285955,Trump,52232,2,0.0
22017,Caddo Parish,LA,46.960369169685,Harris,94699,2,0.0
22079,Rapides Parish,LA,67.74229796797454,Trump,53395,1,300.0
22083,Richland Parish,LA,69.11780702708583,Trump,9193,1,2000.0
22125,West Feliciana Parish,LA,65.29627163781625,Trump,6008,1,330.0
23003,Aroostook County,ME,62.39587131517684,Trump,35653,1,50.0
23007,Franklin County,ME,53.033191298497414,Trump,17836,1,82.0
23015,Lincoln County,ME,43.36541265675124,Harris,24003,1,0.0
24009,Calvert County,MD,54.18058349172372,Trump,54191,1,0.0
24017,Charles County,MD,28.38854685820385,Harris,92097,1,1000.0
24021,Frederick County,MD,44.040252635894284,Harris,156114,3,444.0
24033,Prince George's County,MD,11.140345883383786,Harris,404009,1,820.0
25017,Middlesex County,MA,28.854782335499834,Harris,814832,2,0.0
26025,Calhoun County,MI,56.355010583169104,Trump,68505,1,0.0
26081,Kent County,MI,46.43672351168311,Harris,371947,1,320.0
26125,Oakland County,MI,43.74709413387382,Harris,772145,1,0.0
26161,Washtenaw County,MI,26.561103537929604,Harris,221542,2,1400.0
26163,Wayne County,MI,33.71814775473042,Harris,856690,1,1000.0
27037,Dakota County,MN,42.33752237254864,Harris,259805,1,75.0
27049,Goodhue County,MN,57.12253183884513,Trump,28817,1,0.0
27105,Nobles County,MN,66.9607250755287,Trump,8275,1,400.0
27137,St. Louis County,MN,42.068246939307116,Harris,119009,1,700.0
27141,Sherburne County,MN,66.4095928226363,Trump,57960,1,0.0
28033,DeSoto County,MS,60.77742090488354,Trump,79082,1,2000.0
28075,Lauderdale County,MS,60.15616448352611,Trump,27407,1,500.0
28089,Madison County,MS,58.03805420929815,Trump,55710,1,1000.0
28121,Rankin County,MS,73.04457648038118,Trump,69678,1,116.0
29047,Clay County,MO,52.00368776889982,Trump,130160,3,650.0
29095,Jackson County,MO,51.301044242214644,Trump,193729,2,1235.0
29113,Lincoln County,MO,77.38462017240842,Trump,32133,1,500.0
29139,Montgomery County,MO,79.62654218072691,Trump,5998,2,1200.0
29165,Platte County,MO,50.817233685594196,Trump,57817,1,100.0
29219,Warren County,MO,74.22244339387908,Trump,20095,1,0.0
29225,Webster County,MO,80.67023316846674,Trump,19814,1,0.0
30111,Yellowstone County,MT,61.9970266982836,Trump,81391,1,1000.0
31055,Douglas County,NE,44.2273859467526,Harris,273403,3,0.0
31109,Lancaster County,NE,47.080877734992036,Harris,157633,2,1700.0
31131,Otoe County,NE,68.9314466943157,Trump,8198,1,1000.0
31153,Sarpy County,NE,55.161562515511,Trump,100735,6,0.0
32003,Clark County,NV,47.81235484468442,Harris,1031223,11,167.0
32019,Lyon County,NV,71.13979905190662,Trump,33541,4,2600.0
32023,Nye County,NV,70.17816794458643,Trump,26997,1,0.0
32029,Storey County,NV,68.5528455284553,Trump,3075,11,4765.0
32031,Washoe County,NV,48.32255226857364,Harris,263734,1,0.0
34011,Cumberland County,NJ,51.31072738659748,Trump,55885,2,1700.0
34017,Hudson County,NJ,34.56728710404402,Harris,231181,1,0.0
34035,Somerset County,NJ,41.76774964489437,Harris,177412,1,0.0
34037,Sussex County,NJ,61.58999870020915,Trump,84629,1,0.0
34039,Union County,NJ,37.012118089032214,Harris,240632,1,250.0
35005,Chaves County,NM,71.5945945945946,Trump,22200,1,1240.0
35007,Colfax County,NM,55.943574746258385,Trump,5813,1,50.0
35013,Dona Ana County,NM,44.01746929408596,Harris,85407,1,1000.0
35025,Lea County,NM,80.1405063887972,Trump,21209,1,7000.0
35061,Valencia County,NM,57.267782552513744,Trump,33277,1,0.0
36029,Erie County,NY,44.852480560727194,Harris,456550,1,300.0
36061,New York County,NY,17.40921066304793,Harris,654372,1,0.0
36063,Niagara County,NY,57.28539211762064,Trump,102431,2,135.0
36067,Onondaga County,NY,41.12251019130313,Harris,228381,1,300.0
36089,St. Lawrence County,NY,58.872030163994005,Trump,44026,1,0.0
36109,Tompkins County,NY,24.400412619272757,Harris,46532,1,400.0
37027,Caldwell County,NC,75.8130454754249,Trump,43540,1,0.0
37035,Catawba County,NC,68.39362178420141,Trump,87109,1,0.0
37051,Cumberland County,NC,42.5868069146627,Harris,140513,2,225.0
37067,Forsyth County,NC,42.63845334740092,Harris,204726,1,0.0
37081,Guilford County,NC,38.265515535707394,Harris,285053,1,20.0
37083,Halifax County,NC,40.80116837054037,Harris,23965,1,88.0
37097,Iredell County,NC,65.66042841037203,Trump,110875,1,500.0
37105,Lee County,NC,58.139689505003155,Trump,30081,2,90.0
37119,Mecklenburg County,NC,32.514004207755775,Harris,577505,2,700.0
37145,Person County,NC,61.304229442730076,Trump,22036,1,0.0
37153,Richmond County,NC,60.03623006088663,Trump,19873,1,0.0
37157,Rockingham County,NC,67.44026615586249,Trump,49595,1,200.0
37161,Rutherford County,NC,73.42370925872513,Trump,34670,1,0.0
37169,Stokes County,NC,79.29346826126955,Trump,27175,1,0.0
37183,Wake County,NC,36.22127360078338,Harris,653580,1,300.0
38017,Cass County,ND,52.69397144775512,Trump,90851,1,280.0
38021,Dickey County,ND,74.56176110884631,Trump,2453,1,400.0
39003,Allen County,OH,71.60171666415062,Trump,46369,1,0.0
39017,Butler County,OH,62.68170330300169,Trump,183197,1,250.0
39023,Clark County,OH,64.27969135311432,Trump,62855,1,150.0
39031,Coshocton County,OH,75.66872742853646,Trump,16337,1,0.0
39043,Erie County,OH,56.58758710910966,Trump,39749,1,96.0
39045,Fairfield County,OH,61.568608877890526,Trump,84457,1,696.0
39047,Fayette County,OH,77.20945032217007,Trump,12571,1,0.0
39049,Franklin County,OH,35.24259266998203,Harris,598225,4,0.0
39061,Hamilton County,OH,42.03153004864845,Harris,410085,1,0.0
39089,Licking County,OH,64.54765411319167,Trump,95060,8,2192.0
39095,Lucas County,OH,43.22880871312477,Harris,190609,1,500.0
39111,Monroe County,OH,79.39964685108887,Trump,6796,1,570.0
39115,Morgan County,OH,76.20171040990859,Trump,6782,1,200.0
39133,Portage County,OH,57.29099079614544,Trump,83226,1,750.0
39141,Ross County,OH,69.23660876958581,Trump,32932,1,0.0
39149,Shelby County,OH,82.01518506801645,Trump,25288,1,1500.0
39151,Stark County,OH,60.522386844234035,Trump,184193,1,240.0
39155,Trumbull County,OH,57.99424025193718,Trump,96532,2,1500.0
39159,Union County,OH,64.29318248840514,Trump,37301,3,0.0
39167,Washington County,OH,71.48709677419355,Trump,31000,1,200.0
39173,Wood County,OH,54.56307519308733,Trump,67586,1,0.0
40097,Mayes County,OK,77.78289397950961,Trump,17374,1,0.0
40101,Muskogee County,OK,67.94761259596831,Trump,24357,2,1000.0
40103,Noble County,OK,77.72846479725641,Trump,4957,1,0.0
40109,Oklahoma County,OK,49.7080537028897,Trump,288923,4,200.0
40111,Okmulgee County,OK,70.38818036100076,Trump,14349,1,0.0
40113,Osage County,OK,69.82741904207873,Trump,20628,2,10.0
40119,Payne County,OK,61.34772362444073,Trump,29279,1,0.0
40131,Rogers County,OK,76.6321265617671,Trump,46902,1,2000.0
40143,Tulsa County,OK,56.52742479732543,Trump,256939,7,43.0
40151,Woods County,OK,81.22594832325454,Trump,3638,1,1600.0
41013,Crook County,OR,73.70681720562067,Trump,16297,1,0.0
41049,Morrow County,OR,72.02028740490279,Trump,4732,1,1000.0
41059,Umatilla County,OR,67.16733386709367,Trump,31225,1,150.0
41065,Wasco County,OR,51.0566798596072,Trump,13391,1,0.0
41067,Washington County,OR,31.075788138238426,Harris,297949,4,151.0
42003,Allegheny County,PA,39.360641995047914,Harris,720504,2,200.0
42017,Bucks County,PA,49.55314840858993,Trump,401028,1,0.0
42025,Carbon County,PA,66.98121203559825,Trump,35395,1,0.0
42029,Chester County,PA,42.25052621213427,Harris,324964,1,300.0
42041,Cumberland County,PA,54.08973287689696,Trump,148396,1,1350.0
42063,Indiana County,PA,69.18231547041133,Trump,42229,1,4500.0
42069,Lackawanna County,PA,48.2554249935672,Harris,116590,4,2200.0
42071,Lancaster County,PA,57.478643559187844,Trump,289257,1,300.0
42079,Luzerne County,PA,59.2020493115594,Trump,156150,2,960.0
42091,Montgomery County,PA,38.070400417733715,Harris,520906,2,0.0
42093,Montour County,PA,59.991925716592654,Trump,9908,1,0.0
42095,Northampton County,PA,50.39811463681508,Trump,178215,1,0.0
42129,Westmoreland County,PA,63.848663986758105,Trump,211450,1,3000.0
42133,York County,PA,62.1499939809799,Trump,249210,1,0.0
44007,Providence County,RI,41.69512642808672,Harris,269679,1,0.0
45003,Aiken County,SC,62.250409450465206,Trump,86091,1,200.0
45015,Berkeley County,SC,57.40911427406633,Trump,112834,1,0.0
45029,Colleton County,SC,58.524841321952294,Trump,18276,1,0.0
45035,Dorchester County,SC,56.374414896353066,Trump,77764,2,0.0
45083,Spartanburg County,SC,66.21721498486475,Trump,155597,1,450.0
46039,Deuel County,SD,74.7171453437772,Trump,2298,1,430.0
46099,Minnehaha County,SD,55.15927904155939,Trump,93986,1,500.0
47125,Montgomery County,TN,58.461256192281816,Trump,81755,2,350.0
47157,Shelby County,TN,36.422080447906104,Harris,326497,1,1200.0
47165,Sumner County,TN,70.34195640388295,Trump,97761,1,0.0
48005,Angelina County,TX,75.67544012550114,Trump,34422,1,2100.0
48011,Armstrong County,TX,92.7862939585212,Trump,1109,1,933.0
48015,Austin County,TX,80.97900279529351,Trump,15383,1,285.0
48027,Bell County,TX,57.52322787038313,Trump,130662,2,300.0
48029,Bexar County,TX,44.51203510904983,Harris,758323,1,0.0
48039,Brazoria County,TX,59.16036187255471,Trump,162046,1,300.0
48045,Briscoe County,TX,89.39597315436242,Trump,745,1,2.0
48055,Caldwell County,TX,56.58573886446187,Trump,15693,2,6000.0
48065,Carson County,TX,90.21089077746302,Trump,3177,1,0.0
48075,Childress County,TX,87.63204225352112,Trump,2272,1,750.0
48085,Collin County,TX,54.21686045947807,Trump,515585,5,150.0
48113,Dallas County,TX,37.95500969557769,Harris,849872,2,0.0
48121,Denton County,TX,55.771970756119934,Trump,449188,1,260.0
48125,Dickens County,TX,84.99496475327291,Trump,993,2,2430.0
48135,Ector County,TX,76.09761820955063,Trump,42615,1,250.0
48139,Ellis County,TX,65.05117671283787,Trump,99557,2,1800.0
48141,El Paso County,TX,41.787342637606386,Harris,251569,1,1000.0
48179,Gray County,TX,88.27176781002638,Trump,7580,1,0.0
48189,Hale County,TX,78.43834141087775,Trump,9285,2,708.0
48201,Harris County,TX,46.40143975796862,Harris,1557484,2,500.0
48207,Haskell County,TX,85.35825545171339,Trump,2247,1,0.0
48209,Hays County,TX,46.443132237119215,Harris,125827,1,1200.0
48217,Hill County,TX,81.8209026696995,Trump,16706,2,1847.0
48221,Hood County,TX,82.548628019588,Trump,36553,2,2100.0
48223,Hopkins County,TX,81.9763976636071,Trump,16778,1,3000.0
48325,Medina County,TX,70.94284437583784,Trump,24617,1,0.0
48331,Milam County,TX,78.31140746080375,Trump,11098,1,1200.0
48335,Mitchell County,TX,85.31635495423797,Trump,2513,1,300.0
48353,Nolan County,TX,79.13978494623656,Trump,5115,1,2000.0
48355,Nueces County,TX,55.22855405249922,Trump,121678,1,352.0
48371,Pecos County,TX,71.86392629340894,Trump,4233,2,9650.0
48389,Reeves County,TX,68.04303576621112,Trump,3439,3,3500.0
48417,Shackelford County,TX,90.56712962962963,Trump,1728,1,1400.0
48439,Tarrant County,TX,51.81826573644014,Trump,823312,2,0.0
48441,Taylor County,TX,74.34180847032499,Trump,55417,2,2400.0
48453,Travis County,TX,29.38139541285035,Harris,581276,2,700.0
48469,Victoria County,TX,70.81976497239133,Trump,35315,1,1500.0
48479,Webb County,TX,50.68549305397404,Trump,65865,1,5000.0
48487,Wilbarger County,TX,79.82986344302664,Trump,4467,1,0.0
48489,Willacy County,TX,51.33920546467733,Trump,5563,1,166.0
48491,Williamson County,TX,50.34865740155413,Trump,308469,1,185.0
48495,Winkler County,TX,85.1526125193999,Trump,1933,1,300.0
49003,Box Elder County,UT,79.02143845089903,Trump,28920,1,9000.0
49027,Millard County,UT,87.02051041177391,Trump,6387,2,14000.0
49045,Tooele County,UT,69.05840145856614,Trump,34006,1,0.0
49049,Utah County,UT,68.24778713570335,Trump,298143,2,200.0
51033,Caroline County,VA,53.74053565374619,Trump,17698,2,1670.0
51041,Chesterfield County,VA,44.642687581897945,Harris,210628,3,170.0
51047,Culpeper County,VA,61.66533003242791,Trump,28679,1,0.0
51059,Fairfax County,VA,30.85963147259966,Harris,589427,2,0.0
51075,Goochland County,VA,58.3578158241313,Trump,19742,1,900.0
51085,Hanover County,VA,62.07972317584872,Trump,73404,1,900.0
51087,Henrico County,VA,34.64782989602676,Harris,181489,3,250.0
51107,Loudoun County,VA,40.100221165734986,Harris,229692,6,198.0
51109,Louisa County,VA,62.47514910536779,Trump,24144,1,1100.0
51153,Prince William County,VA,39.439557172339015,Harris,228712,5,682.0
51177,Spotsylvania County,VA,53.48869381492567,Trump,79514,1,800.0
51179,Stafford County,VA,48.58808460718946,Harris,83539,1,192.0
51195,Wise County,VA,81.2217463716393,Trump,16812,1,600.0
51197,Wythe County,VA,79.2697899838449,Trump,15475,1,0.0
53005,Benton County,WA,59.145124288679455,Trump,100693,1,2.0
53007,Chelan County,WA,53.00419520750871,Trump,42191,1,288.0
53017,Douglas County,WA,61.82135775658578,Trump,21182,1,180.0
53063,Spokane County,WA,50.62595356030681,Trump,287082,1,500.0
53071,Walla Walla County,WA,52.34036796536796,Trump,29568,1,300.0
54003,Berkeley County,WV,66.98513421981392,Trump,56102,1,600.0
54053,Mason County,WV,78.0506305110458,Trump,10547,1,2000.0
55009,Brown County,WI,52.99029685334119,Trump,149333,1,0.0
55021,Columbia County,WI,51.5208798762674,Trump,34914,1,0.0
55025,Dane County,WI,23.352617584285476,Harris,365929,1,0.0
55027,Dodge County,WI,65.73956262425448,Trump,50300,1,220.0
55033,Dunn County,WI,57.34870317002881,Trump,25678,1,0.0
55043,Grant County,WI,58.30952904123636,Trump,27306,1,0.0
55059,Kenosha County,WI,52.35774150860168,Trump,90680,1,0.0
55089,Ozaukee County,WI,54.36097806906982,Trump,63472,1,902.0
55101,Racine County,WI,52.32527905205876,Trump,107686,1,1000.0
55105,Rock County,WI,45.54184124108255,Harris,88310,1,800.0
55141,Wood County,WI,59.21214705324995,Trump,42216,2,20.0
56009,Converse County,WY,85.41326606321412,Trump,6739,1,1500.0
56021,Laramie County,WY,64.71795581384623,Trump,43362,4,3111.0
56041,Uinta County,WY,80.11882495324018,Trump,9089,1,1250.0
